<?xml version="1.0" encoding="utf-8" standalone="yes"?>
<application xmlns="http://ns.adobe.com/air/application/32.0">
    <id>com.alienmelon.bloodsport</id>
    <versionNumber>1.0</versionNumber>
    <filename>Bloodsport Tetris</filename>
    <description></description>
    <!-- To localize the description, use the following format for the description element.
	<description>
		<text xml:lang="en">English App description goes here</text>
		<text xml:lang="fr">French App description goes here</text>
		<text xml:lang="ja">Japanese App description goes here</text>
	</description>
	-->
    <name>Bloodsport Tetris</name>
    <!-- To localize the name, use the following format for the name element.
	<name>
		<text xml:lang="en">English App name goes here</text>
		<text xml:lang="fr">French App name goes here</text>
		<text xml:lang="ja">Japanese App name goes here</text>
	</name>
	-->
    <copyright></copyright>
    <initialWindow>
        <content>BLOODSPORT.swf</content>
        <systemChrome>standard</systemChrome>
        <transparent>false</transparent>
        <visible>true</visible>
        <fullScreen>false</fullScreen>
        <autoOrients>false</autoOrients>
        <aspectRatio>portrait</aspectRatio>
        <renderMode>direct</renderMode>
        <maximizable>false</maximizable>
        <minimizable>true</minimizable>
        <resizable>false</resizable>
    </initialWindow>
    <customUpdateUI>false</customUpdateUI>
    <allowBrowserInvocation>false</allowBrowserInvocation>
    <icon>
        <image16x16>ICONS/16x16.png</image16x16>
        <image32x32>ICONS/32x32.png</image32x32>
        <image48x48>ICONS/48x48.png</image48x48>
        <image128x128>ICONS/128x128.png</image128x128>
    </icon>
    <supportedLanguages>en</supportedLanguages>
    <supportedProfiles>desktop extendedDesktop</supportedProfiles>
</application>